id,country,region,state,short_state,postcode,suburb,cost_per_palet,cost_per_1_1000,cost_per_2_1000,cost_per_1_1500,cost_per_1_2000,note
82a364ad-5b08-4a05-badf-c75c6c2a7409,Australia,AUS-Canberra,Australian Capital T,ACT,2601,Canberra,,243.5,300.32,300.32,300.32,
3b5bcd5e-9a29-4f17-a736-70c40d870197,Australia,AUS-Canberra,Australian Capital T,ACT,2614,Cook,,243.5,300.32,300.32,300.32,
5d9f8e21-2c8d-4f00-a73a-a6c4cc5a7c3e,Australia,AUS-Canberra,Australian Capital T,ACT,2600,Curtin,,243.5,300.32,300.32,300.32,
87d0c42b-feca-432f-9a7a-d023c63ca9b5,Australia,AUS-Canberra,Australian Capital T,ACT,2618,Hall,,243.5,300.32,300.32,300.32,
03ace99c-6823-41a0-8601-64e575c6c2ba,Australia,AUS-Canberra,Australian Capital T,ACT,2902,Kambah,,243.5,300.32,300.32,300.32,
1b7aaea6-d487-4b2f-8312-8450b5525914,Australia,AUS-Canberra,Australian Capital T,ACT,2603,Manuka,,243.5,300.32,300.32,300.32,
e91c8e72-8483-4f46-8e39-b8f17ed9963d,Australia,AUS-Canberra,Australian Capital T,ACT,2911,Mitchell,,243.5,300.32,300.32,300.32,
fdfddcd2-1705-443a-b618-c7101f0b21d9,Australia,AUS-Canberra,Australian Capital T,ACT,2582,Murrumbateman,,284.09,340.9,340.9,340.9,
a6251baa-9f39-4196-a331-005adf5abe43,Australia,AUS-Canberra,Australian Capital T,ACT,2606,Phillip,,243.5,300.32,300.32,300.32,
a0ec798a-1e1e-46d2-bece-5f11a958996d,Australia,AUS-Canberra,Australian Capital T,ACT,2609,Pialligo,,243.5,300.32,300.32,300.32,
9aa5717c-32d4-4c5f-8d19-4406bf98fc34,Australia,AUS-Canberra,Australian Capital T,ACT,2618,via Hall,,243.5,300.32,300.32,300.32,
0fff5020-1539-4500-8278-3f77f55cb3a1,Australia,AUS-Canberra,Australian Capital T,ACT,2611,Weston,,243.5,300.32,300.32,300.32,
a6a790cb-5918-4065-bbcc-177ab88c1a20,Australia,AUS Northern Rivers,New South Wales,NSW,2444,Port Macquarie,,267.48,324.68,324.68,324.68,
bafac1ee-792e-45b9-8174-f3c5e0db3e9c,Australia,AUS-ACT,New South Wales,NSW,2577,Sutton Forest,,227.27,284.09,284.09,284.09,
fddf2f48-9432-4b27-96e0-6716cf33568f,Australia,AUS-ACT,New South Wales,NSW,2539,Ulladulla,,267.48,324.68,324.68,324.68,
da8569ac-b26b-4524-9fbb-bc1d3d8ac0f6,Australia,AUS-Blue Mountains,New South Wales,NSW,2155,Beaumont Hills,,124.42,196.97,161.84,188.31,
4ae381f9-c101-4856-bf3f-8c3876fffb4d,Australia,AUS-Blue Mountains,New South Wales,NSW,2774,Blaxland,,284.09,340.9,340.9,340.9,
a23b606b-626c-4ea1-bea5-ead771ca4586,Australia,AUS-Blue Mountains,New South Wales,NSW,2783,Lawson,,219.16,259.75,259.75,259.75,
e95e56e2-7005-4332-a1f0-932cd57a4341,Australia,AUS-Blue Mountains,New South Wales,NSW,2568,Menangle,,219.16,259.75,259.75,259.75,
0601edb4-68d1-4ef0-90ad-2d56b9b44f3d,Australia,AUS-Canberra,New South Wales,NSW,2622,Braidwood,,300.32,357.14,357.14,357.14,
68603d22-b68b-434b-bd52-eae04b4495aa,Australia,AUS-Canberra,New South Wales,NSW,2621,Bungendore,,284.09,340.9,340.9,340.9,
9feaf4b6-e03e-4e2e-86ef-c7120b6df3ef,Australia,AUS-Canberra,New South Wales,NSW,2581,Collector,,284.09,340.9,340.9,340.9,
1e41fa55-9c0b-4907-8810-838416bd7485,Australia,AUS-Canberra,New South Wales,NSW,2620,Gundaroo,,243.5,300.32,300.32,300.32,
efc57eeb-fc70-4419-be52-9b6d1f09504f,Australia,AUS-Canberra,New South Wales,NSW,2795,Newbridge,,284.09,340.9,340.9,340.9,
8571715b-4529-43f6-97f4-d11bf1c3825e,Australia,AUS-Canberra,New South Wales,NSW,2582,Yass,,284.09,340.9,340.9,340.9,
7fe813d2-506f-467b-a236-6c6d371324df,Australia,AUS-Central Coast,New South Wales,NSW,2446,Wauchope,,284.09,340.9,340.9,340.9,
975e81dd-4f36-474f-bd0a-49516c1a9352,Australia,AUS-Central Highland,New South Wales,NSW,2576,Bowral,,227.27,284.09,284.09,284.09,
da17d7b2-a909-45bd-b9e6-aa0f73506e9b,Australia,AUS-Central Highland,New South Wales,NSW,2575,Mittagong,,227.27,284.09,284.09,284.09,
776fc07f-b442-4461-a911-548d5f85132c,Australia,AUS-Central Highland,New South Wales,NSW,2795,Mt Panorama,,243.5,300.32,300.32,300.32,
e245349e-e082-4095-aceb-7bea7f388c69,Australia,AUS-Central Highland,New South Wales,NSW,2795,Rockley Mount,,284.09,340.9,340.9,340.9,
e172588c-ad32-4598-9b6e-e0b4232802e6,Australia,AUS-Central Ranges,New South Wales,NSW,2800,Borenore,,284.09,340.9,340.9,340.9,
00734fab-3b9d-4666-bce0-b0efb9c2f3c5,Australia,AUS-Central Ranges,New South Wales,NSW,2864,Cudal,,300.32,357.14,357.14,357.14,
9ea2ddbd-ec47-45a8-b92d-89a0c4cebb8a,Australia,AUS-Central Ranges,New South Wales,NSW,2820,Dripstone,,284.09,340.9,340.9,340.9,
b2263821-3009-4ece-b76f-02fb41b2bf48,Australia,AUS-Central Ranges,New South Wales,NSW,2042,Enmore,,124.42,196.97,161.84,188.31,
0c01f1b6-02de-46ce-b044-e3094e00b136,Australia,AUS-Central Ranges,New South Wales,NSW,2871,Forbes,,300.32,357.14,357.14,357.14,
b9f80eb7-7214-4e9a-99d3-44d62bc651a0,Australia,AUS-Central Ranges,New South Wales,NSW,2722,Gundagai,,300.32,357.14,357.14,357.14,
aacd6282-c6f0-48a9-a3f0-d9671f703491,Australia,AUS-Central Ranges,New South Wales,NSW,2795,Kelso,,243.5,300.32,300.32,300.32,
2682d285-6285-49e0-970b-b0946c5def9b,Australia,AUS-Central Ranges,New South Wales,NSW,2866,Molong,,284.09,340.9,340.9,340.9,
3707ec9a-850c-4204-b819-4e39325084a7,Australia,AUS-Central Ranges,New South Wales,NSW,2850,Mudgee,,284.09,340.9,340.9,340.9,
6cdb20d3-0161-435c-9c68-5aba4ff93cb4,Australia,AUS-Central Ranges,New South Wales,NSW,2800,"Nashdale, Orange",,243.5,300.32,300.32,300.32,
4c9fa0f4-227b-48a5-9c09-f107d2290ce0,Australia,AUS-Central Ranges,New South Wales,NSW,2820,Neurea,,284.09,340.9,340.9,340.9,
c9bb7f37-54b4-4b9b-ba6e-b812ddd10832,Australia,AUS-Central Ranges,New South Wales,NSW,2800,Orange,,243.5,300.32,300.32,279.56,
be5e3519-8999-43ba-b647-793ea66fbf75,Australia,AUS-Cowra,New South Wales,NSW,2804,Canowindra,,324.68,381.5,355.12,355.12,
6d683ba5-80dc-49ae-8072-3045044d3819,Australia,AUS-Cowra,New South Wales,NSW,2128,Silverwater,,124.42,196.97,161.84,188.31,
31bbd1c1-ef5a-42c4-a09a-b506acff431a,Australia,AUS-Hilltops,New South Wales,NSW,2594,Young,,300.32,357.14,357.14,357.14,
040b94b4-b276-46c0-8946-4c11223aff1e,Australia,AUS-Hunter,New South Wales,NSW,2328,Baerami,,300.32,357.14,357.14,357.14,
2b3c5cb1-ad50-484e-8c43-ea816834cf1a,Australia,AUS-Hunter,New South Wales,NSW,2535,Berry,,227.27,284.09,284.09,284.09,
119e0320-c812-4c0f-afd6-0f164872a06e,Australia,AUS-Hunter,New South Wales,NSW,2335,Branxton,,243.5,300.32,300.32,300.32,
5bd0b273-f8a4-4fa0-acd2-aea2ef1a000a,Australia,AUS-Hunter,New South Wales,NSW,2330,Broke,,267.48,324.68,324.68,324.68,
dec47ece-41f4-4e93-8980-b4205d48d7eb,Australia,AUS-Hunter,New South Wales,NSW,2325,Cessnock,,227.27,284.09,284.09,284.09,
c70d1446-bb72-4752-8b61-8238c98793eb,Australia,AUS-Hunter,New South Wales,NSW,2238,Denman,,267.48,324.68,324.68,324.68,
bfadfc29-ca40-498c-ba2e-1bafabf54357,Australia,AUS-Hunter,New South Wales,NSW,2830,Dubbo,,284.09,340.9,340.9,340.9,
3c25493c-a49e-4aa0-8477-6b4bb2ea56ad,Australia,AUS-Hunter,New South Wales,NSW,2311,East Gresford,,267.48,302.22,302.22,302.22,
ae733e83-7268-47c4-ab37-7c0fdbb6ce2b,Australia,AUS-Hunter,New South Wales,NSW,2086,Frenchs Forest,,124.42,196.97,161.84,188.31,
ba47f9f6-19bb-4e40-b01d-c941fc8eb76f,Australia,AUS-Hunter,New South Wales,NSW,2334,Greta,,243.5,300.32,300.32,300.32,
ba7295da-68a3-44bf-9f6f-4181adc2182c,Australia,AUS-Hunter,New South Wales,NSW,2077,Hornsby,,124.42,196.97,161.84,188.31,
c5b3590f-0974-48c8-a5f0-b5266356bd89,Australia,AUS-Hunter,New South Wales,NSW,2310,Hunter Region MC,,,,,,
a013515e-aac5-4e6c-8b78-65658910c343,Australia,AUS-Hunter,New South Wales,NSW,2327,Kurri Kurri,,227.27,284.09,284.09,284.09,
57eac2e4-99a8-40e7-9cea-39913bcbdc06,Australia,AUS-Hunter,New South Wales,NSW,2321,Lockinvar,,219.16,259.75,259.75,259.75,
0e108e5e-f828-4957-ad3e-bbd76b76e880,Australia,AUS-Hunter,New South Wales,NSW,2320,Lovedale,,227.27,284.09,284.09,284.09,
90680c51-8779-457f-ab32-e295941c81e1,Australia,AUS-Hunter,New South Wales,NSW,2330,Milbrodale,,267.48,324.68,324.68,324.68,
c9272ab2-6ea9-486d-bac6-cbc4818a63d8,Australia,AUS-Hunter,New South Wales,NSW,2325,Mount View,,227.27,284.09,284.09,284.09,
fa25c768-380b-4863-8b18-55dfe8a8cba8,Australia,AUS-Hunter,New South Wales,NSW,2333,Muswellbrook,,243.5,279.56,279.56,279.56,
b9f62462-3d6a-491d-92ab-c8eab69f5f9e,Australia,AUS-Hunter,New South Wales,NSW,2325,Nulkaba,,227.27,284.09,284.09,284.09,
77d1f20b-bdcb-43ab-a831-c12144cc2c62,Australia,AUS-Hunter,New South Wales,NSW,2130,Pokolbin,,227.27,284.09,284.09,284.09,
1dfe988f-8b4d-42c2-8b7e-da92b9f0e63e,Australia,AUS-Hunter,New South Wales,NSW,2320,Rothbury,,243.5,279.56,279.56,279.56,
2c7f2031-1903-46a8-a30d-4a1a1517aaeb,Australia,AUS-Hunter,New South Wales,NSW,2012,Strawberry Hills,,124.42,196.97,161.84,188.31,
fa0f949e-72ba-4b79-bfd5-2764cffb1695,Australia,AUS-Hunter,New South Wales,NSW,2820,Stuart Town,,392.89,445.78,445.78,445.78,
cf1d5f72-a23a-47ae-9076-311a12174f3f,Australia,AUS-Hunter,New South Wales,NSW,2001,Sydney,,124.42,196.97,161.84,184.82,
4d9cb863-7e39-4ac2-9cbb-8685e5c3a8de,Australia,AUS-Hunter,New South Wales,NSW,2322,Thornton,,227.27,284.09,284.09,284.09,
d06ab992-21fe-4b08-beb6-647d14a93f22,Australia,AUS-Hunter,New South Wales,NSW,2580,Towrang,,243.5,279.56,279.56,279.56,
c1ac459b-bf65-4677-96d3-ef1dbc85935d,Australia,AUS-Hunter,New South Wales,NSW,2325,West Cessnock,,227.27,284.09,284.09,284.09,
1b33f4fd-327f-462e-9768-e1ddfafaae67,Australia,AUS-Hunter,New South Wales,NSW,2293,Wickham,,219.16,259.75,259.75,259.75,
9884137f-7dd9-4b85-bc8a-7382c2b937ee,Australia,AUS-McLaren Vale,New South Wales,NSW,2731,Moama,,100.44,100.44,100.44,100.44,
60e45d1f-0af8-45db-91bf-dfbe2380c9b2,Australia,AUS-Mudgee,New South Wales,NSW,2843,Coolah,,422.08,478.9,478.9,478.9,
7ae55be8-a512-432f-8158-2957a0bcbfcd,Australia,AUS-New England,New South Wales,NSW,2454,Bellingen,,284.09,340.9,340.9,340.9,
560e4c76-304f-4cf5-992c-cb226a2e8d9c,Australia,AUS-New England,New South Wales,NSW,2355,Bendemeer,,324.68,355.12,355.12,355.12,
f090cddc-261e-4f01-8675-0d6c0603ae94,Australia,AUS-New England,New South Wales,NSW,2354,Kentucky,,324.68,355.12,355.12,355.12,
17d50b10-55c0-4a8c-959b-4ef82c1a2d97,Australia,AUS-New England,New South Wales,NSW,2400,Moree,,324.68,355.12,355.12,355.12,
591367cc-db05-4fd8-b2c6-c75dd279b626,Australia,AUS-Nth East,New South Wales,NSW,2640,Albury,,132.68,132.68,132.68,132.68,
980d3102-646e-4353-8270-7dbfc8785a64,Australia,AUS-Nth East,New South Wales,NSW,2646,Corowa,,132.68,132.68,132.68,132.68,
8bd4b331-b2a4-4180-b980-f14f6b82001a,Australia,AUS-Queensland,New South Wales,NSW,2372,Tenterfield,,324.68,355.12,355.12,355.12,
e74f2754-ca84-4173-904b-d9bb1f597a4d,Australia,AUS-Riverina,New South Wales,NSW,2680,Bilbul,,172.5,172.5,172.5,172.5,
5300a6d8-4cfd-4543-b0fa-1e7d691129b0,Australia,AUS-Riverina,New South Wales,NSW,2652,Goolgowi,,267.48,324.68,324.68,324.68,
49275995-a60e-4327-93ea-df6e70abf716,Australia,AUS-Riverina,New South Wales,NSW,2680,Griffith,,172.5,172.5,172.5,172.5,
a2cdcac6-77e9-4e96-94d9-04ed2ff0ab0b,Australia,AUS-Riverina,New South Wales,NSW,2680,Hanwood,,172.5,172.5,172.5,172.5,
e15afc46-c681-4bbb-8999-a1974980af32,Australia,AUS-Riverina,New South Wales,NSW,2705,Leeton,,159,159,159,159,
e7c65e51-2442-4b23-a664-5d2e4314daf7,Australia,AUS-Riverina,New South Wales,NSW,2680,Tharbogang Griffith,,172.5,172.5,172.5,172.5,
033ef747-8437-426c-a227-8f613b03b568,Australia,AUS-Riverina,New South Wales,NSW,2650,Wagga Wagga,,159,159,159,159,
0017290f-b855-426e-9584-4976e49a6143,Australia,AUS-Riverina,New South Wales,NSW,2681,Yenda,,172.5,172.5,172.5,172.5,
5f9aa8f4-81f4-499b-8837-fed99d444af4,Australia,AUS-Riverina,New South Wales,NSW,2650,"Bomen, Wagga Wagga",,159,159,159,159,
38010933-5052-4da2-915d-40c4c2de2a8f,Australia,AUS-Shoalhaven Coast,New South Wales,NSW,2443,Dunbogan,,267.48,324.68,324.68,324.68,
0da2ab4f-f02c-47b1-bb95-9da1b5ef94b8,Australia,AUS-Shoalhaven Coast,New South Wales,NSW,2539,Termeil,,267.48,324.68,324.68,324.68,
680cf7d6-a1d7-4cdd-acb3-d278c328f08b,Australia,AUS-Southern Highlan,New South Wales,NSW,2578,Bundanoon,,227.27,284.09,284.09,284.09,
f9191c3a-0b79-4a57-9f38-690ecc459e4e,Australia,AUS-Southern Highlan,New South Wales,NSW,2577,Moss Vale,,227.27,284.09,284.09,284.09,
075befab-7a60-4b99-afdc-2329e0ac3b7d,Australia,AUS-Queensland,Queensland,QLD,4066,Auchenflower,,209.28,364.64,261.07,320.62,
964b4b37-cc5b-47ab-a373-2f29f1b29ad2,Australia,AUS-Queensland,Queensland,QLD,4382,Ballandean,,593.61,870.25,704.11,869.37,
d6444715-b014-4d77-8975-062b537e395e,Australia,AUS-Queensland,Queensland,QLD,4310,Boonah,,355.32,580.12,580.12,580.12,
be967b48-1d35-4882-b994-aa12abae736c,Australia,AUS-Queensland,Queensland,QLD,4510,Caboolture,,275.24,394.36,394.36,394.36,
0aab761a-a40c-4fa2-807a-60ea9847326f,Australia,AUS-Queensland,Queensland,QLD,4381,Glen Aplin,,593.61,870.25,704.11,869.37,
431ee889-fb93-44a8-a592-a150f6571dbb,Australia,AUS-Queensland,Queensland,QLD,4655,Hervey Bay,,482.61,692.51,517.05,635.54,
50581c65-55bc-4790-97c6-8ea5f769b3bd,Australia,AUS-Queensland,Queensland,QLD,4387,Inglewood,,593.61,870.25,704.11,869.37,
c3ecb742-c09b-4d39-9f8b-fd010a5a4109,Australia,AUS-Queensland,Queensland,QLD,4069,Kenmore,,209.28,364.64,261.07,320.62,
5879c23e-34fc-49fb-af00-73b95ed1969b,Australia,AUS-Queensland,Queensland,QLD,4069,Kenmore Hills,,209.28,364.64,261.07,320.62,
09d7fa31-efbe-429b-9ad7-8d5ff620ea87,Australia,AUS-Queensland,Queensland,QLD,4515,Kilcoy,,375.64,628.51,460.7,565.11,
24f32db8-9c28-4fde-b508-069157689b8c,Australia,AUS-Queensland,Queensland,QLD,4610,Kingaroy,,390.26,509.38,509.38,509.38,
161b3e18-d36b-484b-8758-2021d3c0f352,Australia,AUS-Queensland,Queensland,QLD,4172,Manly,,209.28,364.64,261.07,320.62,
fde39a3d-4b5c-46a8-8625-da8cb907cadc,Australia,AUS-Queensland,Queensland,QLD,4306,Marburg,,355.32,580.12,580.12,580.12,
5408bec1-6663-4614-a578-1bb02d8cba0b,Australia,AUS-Queensland,Queensland,QLD,4352,McClagan,,375.64,628.51,460.7,565.11,
f27d9ebc-4134-458f-8655-b6691013da78,Australia,AUS-Queensland,Queensland,QLD,4615,Nanango,,355.32,580.12,580.12,580.12,
611a6ab6-84da-45b8-8b39-aec9658171f6,Australia,AUS-Queensland,Queensland,QLD,4272,North Tamborine,,355.32,580.12,580.12,580.12,
0fab5809-ef98-41e1-92bf-2a81d082601e,Australia,AUS-Queensland,Queensland,QLD,4521,Ocean View,,482.61,707.21,517.05,635.54,
1e24759d-1b58-45f7-82bd-53e908c08df1,Australia,AUS-Queensland,Queensland,QLD,4287,Rathdowney,,593.61,870.25,704.11,869.37,
b10f6edb-22b9-41f0-a251-d4a2c96bf40c,Australia,AUS-Queensland,Queensland,QLD,4655,River Heads,,482.61,692.51,517.05,635.54,
42fe8869-b49d-4e30-a7ae-bc1633d96aa7,Australia,AUS-Queensland,Queensland,QLD,4380,Stanthorpe,,324.53,443.66,443.66,443.66,
d76fcfad-e705-4414-bad3-7758d16e016e,Australia,AUS-Queensland,Queensland,QLD,4101,West End,,209.28,320.62,209.28,261.07,
b27b15ca-7fe9-450f-8130-62d91c585625,Australia,AUS-Queensland,Queensland,QLD,4030,Wooloowin,,209.28,364.64,261.07,320.62,
670c4554-8245-400f-a0b3-df0b811fe63a,Australia,AUS-Queensland,Queensland,QLD,4305,Wulkuraka,,209.28,364.64,261.07,320.62,
7b3fba48-beb9-44b0-a149-00f84ce33dd6,Australia,AUS-Barossa,South Australia,SA,5351,Lyndoch,,210.24,252.76,210.12,236.18,
7fcd6e52-6456-4c9f-9761-bf0d7d0a4d17,Australia,AUS-Clare,South Australia,SA,5453,Clare,,188.61,231.13,188.49,214.55,
a3948a3d-cb45-48e6-9ec6-dcdb9b6bd976,Australia,AUS-Coonawarra,South Australia,SA,5271,Naracoorte,,246.29,288.81,246.17,272.23,
61c8b3b3-f6d0-4d46-b46a-489e2d16d0a9,Australia,AUS-McLaren Vale,South Australia,SA,5171,McLaren Flat,,174.19,216.71,174.07,200.13,
65932300-d294-4f48-bdc2-a980f67ecc94,Australia,AUS-Adelaide,South Australia,SA,5001,Adelaide,,109.3,151.82,109.18,135.24,
88a27747-5691-418e-afe7-4b3562e86fdc,Australia,AUS-Adelaide,South Australia,SA,5064,Glen Osmond,,109.3,151.82,109.18,135.24,
70c28beb-966f-4658-8f71-052f4a651fe3,Australia,AUS-Adelaide Hills,South Australia,SA,5137,Ashton,,181.4,223.92,181.28,207.34,
c1855d80-bd93-4afc-b208-992a62c40583,Australia,AUS-Adelaide Hills,South Australia,SA,5138,Basket Range,,181.4,223.92,181.28,207.34,
07c730ee-5922-4f39-9f5e-591b55aa82aa,Australia,AUS-Adelaide Hills,South Australia,SA,5244,Charleston,,181.4,223.92,181.28,207.34,
034174ef-d058-46d2-a852-708f5e827e79,Australia,AUS-Adelaide Hills,South Australia,SA,5152,Crafers,,188.61,231.13,188.49,214.55,
baa10f99-2ba0-4601-a75f-c3cce08d9b3d,Australia,AUS-Adelaide Hills,South Australia,SA,5233,Gumeracha,,181.4,223.92,181.28,207.34,
026753a1-aff8-4363-a362-88f5524c3a5c,Australia,AUS-Adelaide Hills,South Australia,SA,5245,Hahndorf,,181.4,223.92,181.28,207.34,
57f29ee1-3ca7-42c0-9a25-2eb63ba7041d,Australia,AUS-Adelaide Hills,South Australia,SA,5068,Kensington Park,,109.3,151.82,109.18,135.24,
fbe00658-76f3-4208-85d6-5f210697d7a2,Australia,AUS-Adelaide Hills,South Australia,SA,5071,Kent Town,,109.3,151.82,109.18,135.24,
101dbb59-ba2b-478b-9b46-e373a37015d6,Australia,AUS-Adelaide Hills,South Australia,SA,5238,Mannum,,217.45,259.97,217.33,243.39,
8460770a-f4e5-4d90-ad7e-940398dbf045,Australia,AUS-Adelaide Hills,South Australia,SA,5171,McLaren Vale,,174.19,216.71,174.07,200.13,
c796f333-1226-4dcd-a6fa-53a8cc27c47e,Australia,AUS-Adelaide Hills,South Australia,SA,5153,Mylor,,181.4,223.92,181.28,207.34,
5ae903a9-6f2c-4c51-8b02-e2630fcf92f6,Australia,AUS-Adelaide Hills,South Australia,SA,5252,Nairne,,181.4,223.92,181.28,207.34,
d0f4a65e-c15a-4934-a9ba-59af24eecf4c,Australia,AUS-Adelaide Hills,South Australia,SA,5136,Norton Summit,,181.4,223.92,181.28,207.34,
4dd7c926-6273-4b69-881b-e5a9e052a23d,Australia,AUS-Adelaide Hills,South Australia,SA,5243,Oakbank,,181.4,223.92,181.28,207.34,
3bf6eeea-12f9-4036-8dd3-f5b28add55fe,Australia,AUS-Adelaide Hills,South Australia,SA,5152,Stirling,,181.4,223.92,181.28,207.34,
bcc77901-b236-425b-9e7f-be708685ed91,Australia,AUS-Adelaide Hills,South Australia,SA,5141,Summertown,,181.4,223.92,181.28,207.34,
5d702503-ecfd-4300-bb51-1a225f48be69,Australia,AUS-Adelaide Hills,South Australia,SA,5062,Torrens Park,,109.3,151.82,109.18,135.24,
be7d3cb5-5d9e-49d4-b6de-c55314db45dd,Australia,AUS-Adelaide Hills,South Australia,SA,5351,Williamstown,,195.82,238.34,195.7,221.76,
f070690b-c62e-46bf-b460-55bb9242dba1,Australia,AUS-Adelaide Hills,South Australia,SA,5172,Willunga,,195.82,238.34,195.7,221.76,
2798abb7-1626-4d1d-be6e-0a7d3a5c06a4,Australia,AUS-Adelaide Hills,South Australia,SA,5244,Woodside,,181.4,223.92,181.28,207.34,
4b66adba-194a-4d44-880d-2d56591d0435,Australia,AUS-Barossa,South Australia,SA,5353,Angaston,,210.24,252.76,210.12,236.18,
b6842db9-2d48-4c2d-a182-abc6e668e9fe,Australia,AUS-Barossa,South Australia,SA,5242,Balhannah,,181.4,223.92,181.28,207.34,
38300a19-6e9c-4204-856d-ea5eec4e3feb,Australia,AUS-Barossa,South Australia,SA,5355,Daveyston,,210.24,252.76,210.12,236.18,
fb992247-b924-44c4-b495-70cccf68cec8,Australia,AUS-Barossa,South Australia,SA,5065,Dulwich,,109.3,151.82,109.18,135.24,
8c94013e-bf2c-42a5-8d5b-8cafdd733c25,Australia,AUS-Barossa,South Australia,SA,5116,Evanston Park,,109.3,151.82,109.18,135.24,
e049051b-a8ab-48d0-8e74-37a6303f73be,Australia,AUS-Barossa,South Australia,SA,5360,Greenock,,174.19,216.71,174.07,200.13,
3cc53dd5-2f3d-499d-8952-31f40a96f0f9,Australia,AUS-Barossa,South Australia,SA,5022,Henley Beach,,109.3,151.82,109.18,135.24,
b2fa4423-e003-4f6d-aac5-24065dc7912e,Australia,AUS-Barossa,South Australia,SA,5491,Jamestown,,181.4,223.92,181.28,207.34,
67a00610-3d8e-4f74-8b01-8facd461fb0b,Australia,AUS-Barossa,South Australia,SA,5355,Light Pass,,210.24,252.76,210.12,236.18,
3f1bd8dd-4a51-4a4b-adb4-c4cdab0d927b,Australia,AUS-Barossa,South Australia,SA,5121,MacDonald Park,,109.3,151.82,109.18,135.24,
73714837-2d55-4bca-83ff-a5c52efd6c8e,Australia,AUS-Barossa,South Australia,SA,5072,Magill,,109.3,151.82,109.18,135.24,
29fbb6cf-54a1-4f95-bf21-fc15ad953be4,Australia,AUS-Barossa,South Australia,SA,5067,Norwood,,109.3,151.82,109.18,135.24,
0822a8ba-7e55-4b09-b81f-141f19d20199,Australia,AUS-Barossa,South Australia,SA,5355,Nuriootpa,,210.24,252.76,210.12,236.18,
d40b05b5-59f2-4e34-9a12-dfc355e3b353,Australia,AUS-Barossa,South Australia,SA,5352,Rowland Flat,,210.24,252.76,210.12,236.18,
26a8bfae-af3c-4ed4-afdd-66833c7a4ab9,Australia,AUS-Barossa,South Australia,SA,5355,Seppeltsfield,,253.5,296.02,253.38,279.44,
0f2495b8-2ad5-4698-b0a2-0e2f9359488e,Australia,AUS-Barossa,South Australia,SA,5235,Springton,,195.82,238.34,195.7,221.76,
ffaf00fc-a044-4199-91d0-e809970a2cc0,Australia,AUS-Barossa,South Australia,SA,5352,Tanunda,,210.24,252.76,210.12,236.18,
eb3e8334-dbc4-4725-a1c9-7ddd1c7ea38a,Australia,AUS-Barossa,South Australia,SA,5352,Tununda,,210.24,252.76,210.12,236.18,
ce4900a3-9ace-4f59-90f2-4a233c7aa3fa,Australia,AUS-Barossa,South Australia,SA,5065,Tusmore,,109.3,151.82,109.18,135.24,
63c15390-bde4-4d3e-8987-8e80dc8c6d84,Australia,AUS-Barossa,South Australia,SA,5120,Virginia,,109.3,151.82,109.18,135.24,
6408afa1-8b05-4aa2-a170-bb84eb11b9c2,Australia,AUS-Clare,South Australia,SA,5451,Auburn,,188.61,231.13,188.49,214.55,
fb8a5283-4f43-4fa6-829c-2a0497946dee,Australia,AUS-Clare,South Australia,SA,5065,Linden Park,,109.3,151.82,109.18,135.24,
25edcc34-26f9-4a32-85d3-183ea05c2cb8,Australia,AUS-Clare,South Australia,SA,5453,Sevenhill via Clare,,188.61,231.13,188.49,214.55,
6132ea9a-8421-443c-ad49-9f7f22521176,Australia,AUS-Clare,South Australia,SA,5453,via Sevenhill,,188.61,231.13,188.49,214.55,
ceec7459-48b9-48bd-aec8-d7dd843decee,Australia,AUS-Coonawarra,South Australia,SA,5263,Coonawarra,,224.66,267.18,224.54,250.6,
aa4a4d5c-f8d5-48b8-8145-4d547c5c65d8,Australia,AUS-Coonawarra,South Australia,SA,5035,Forestville,,109.3,151.82,109.18,135.24,
e4162585-01b6-4cc0-8658-d65e0eb2cb50,Australia,AUS-Coonawarra,South Australia,SA,5069,Maylands,,109.3,151.82,109.18,135.24,
5792612b-53c5-49d4-9ec4-37979d8e47c1,Australia,AUS-Coonawarra,South Australia,SA,5275,Mt Benson,,277.3,319.82,277.18,303.24,
7a1883e8-a0a4-4bb8-9a5e-fa5dd90761a7,Australia,AUS-Coonawarra,South Australia,SA,5290,Mt Gambier,,217.45,259.97,217.33,243.39,
7aa743b0-7699-43d2-a5f8-b580c8032989,Australia,AUS-Coonawarra,South Australia,SA,5277,Penola,,224.66,267.18,224.54,250.6,
0c6a8ac4-89e5-4d08-9510-eeb77977fed4,Australia,AUS-Coonawarra,South Australia,SA,5276,Robe,,253.5,296.02,253.38,279.44,
4cb6b87e-822e-4505-bc39-a9b3e7ff0c95,Australia,AUS-Eden Valley,South Australia,SA,5235,Eden Valley,,195.82,238.34,195.7,221.76,
e14b10db-9cf4-4af8-bec4-7d1d216d81d4,Australia,AUS-Kangaroo Island,South Australia,SA,5223,Kangaroo Island,,325.6,368.12,325.48,351.54,
f4787f0e-5568-4192-8815-9e63ed116293,Australia,AUS-Langhorne Creek,South Australia,SA,5255,Angas Plains,,224.66,267.18,224.54,250.6,
92ef72d8-cffe-4280-9260-15093e2667dd,Australia,AUS-Langhorne Creek,South Australia,SA,5214,Goolwa,,210.24,252.76,210.12,236.18,
1fdfc203-5329-42b3-8aac-9bbfece1f443,Australia,AUS-Langhorne Creek,South Australia,SA,5255,Langhorne Creek,,217.45,259.97,217.33,243.39,
8623d0ef-377a-444f-8efd-a60741e04989,Australia,AUS-Langhorne Creek,South Australia,SA,5067,Rose Park,,109.3,151.82,109.18,135.24,
3dbe1506-b3c9-4224-ac09-8ed5cf5f0404,Australia,AUS-McLaren Vale,South Australia,SA,5052,Belair,,109.3,151.82,109.18,135.24,
cb9b5d83-59cd-4b90-85ae-30e1a398b3cc,Australia,AUS-McLaren Vale,South Australia,SA,5157,Clarendon,,174.19,216.71,174.07,200.13,
b977d19f-e313-4828-a200-4d9756532ab6,Australia,AUS-McLaren Vale,South Australia,SA,5048,Dover Gardens,,109.3,151.82,109.18,135.24,
dab6ea3a-2806-4b95-b79c-227bc1c5b978,Australia,AUS-McLaren Vale,South Australia,SA,5043,Marion,,109.3,151.82,109.18,135.24,
0795fde8-9563-4860-be29-bf714980b3d6,Australia,AUS-McLaren Vale,South Australia,SA,5031,Mile End South,,109.3,151.82,109.18,135.24,
267a3e64-cad2-4009-99e1-1a70a317d087,Australia,AUS-McLaren Vale,South Australia,SA,5169,Moana,,152.56,195.08,152.44,178.5,
c3dd54fa-99f3-4850-9bec-1a5678f1620f,Australia,AUS-McLaren Vale,South Australia,SA,5342,Monash,,224.66,267.18,224.54,250.6,
910ca940-af30-4988-b99e-7ad64a445edc,Australia,AUS-McLaren Vale,South Australia,SA,5174,Sellicks Hill,,174.19,216.71,174.07,200.13,
1ea3dee6-7fc0-496f-8510-aa5b4b52faf1,Australia,AUS-McLaren Vale,South Australia,SA,5161,Woodcroft,,152.56,195.08,152.44,178.5,
3e6e0155-0191-426a-a1b3-9f121b1c5d2b,Australia,AUS-McLaren Vale,South Australia,SA,5203,Yankalilla,,217.45,259.97,217.33,243.39,
68462df5-d628-4df9-acb6-fdbcb6ef003d,Australia,AUS-Mt Benson,South Australia,SA,5275,Kingston,,282.34,324.86,282.22,308.28,
263e5efd-9ecf-44cb-a018-34e34601238a,Australia,AUS-Mt Benson,South Australia,SA,5275,Mount Benson,,277.3,319.82,277.18,303.24,
401c74d2-0e77-4acb-be1a-5030b9aef4b9,Australia,AUS-Mt Benson,South Australia,SA,5276,via Robe,,253.5,296.02,253.38,279.44,
3bcbd321-f9fe-42a0-b7f3-491b05307d4d,Australia,AUS-Riverland,South Australia,SA,5333,Loxton,,246.29,288.81,246.17,272.23,
b82f5599-9739-46c8-b477-8add11684507,Australia,AUS-Riverland,South Australia,SA,5341,Renmark,,246.29,288.81,246.17,272.23,
982fdd5b-eb69-43e2-b9a4-b1bf5dbe6a94,Australia,AUS-Tasmania,Tasmania,TAS,7000,Hobart,,244.22,488.44,325.63,407.03,
ce04bc85-9be4-44e3-b202-b4e63292b4f0,Australia,AUS-Tasmania,Tasmania,TAS,7215,Bicheno,,375.31,771.95,521.73,646.85,
07aa4473-9ac4-4046-97b2-c4f9026d46ab,Australia,AUS-Tasmania,Tasmania,TAS,7170,Cambridge,,244.22,488.44,325.63,407.03,
0be5a985-d8e7-4385-ac4c-f383838bacf5,Australia,AUS-Tasmania,Tasmania,TAS,7009,Campania,,329.03,633.3,431.62,512.89,
8bb6bac3-5cab-4bd2-9cd9-282832ac5fbc,Australia,AUS-Tasmania,Tasmania,TAS,7215,Coles Bay,,375.31,771.95,521.73,646.85,
2bd61d53-7487-4970-be59-98ed8495f66e,Australia,AUS-Tasmania,Tasmania,TAS,7109,Cradoc,,329.03,633.3,431.62,512.89,
4268a056-dc1c-4359-934b-0c9fbb369d1a,Australia,AUS-Tasmania,Tasmania,TAS,7190,Cranbrook,,370.99,720.66,487.54,604.11,
5776527f-ec12-4347-b811-8b0bd7a84a79,Australia,AUS-Tasmania,Tasmania,TAS,7275,Deviot,,329.03,633.3,431.62,512.89,
09ee4d53-0399-46d4-884c-94f8a27235d4,Australia,AUS-Tasmania,Tasmania,TAS,7275,Exeter,,329.03,633.3,431.62,512.89,
73b26514-6966-4a23-b9f6-3ea219322b84,Australia,AUS-Tasmania,Tasmania,TAS,7030,Granton,,244.22,488.44,325.63,407.03,
9d3f326a-5b2a-4a78-a576-038cc8d9bacb,Australia,AUS-Tasmania,Tasmania,TAS,7276,Gravelly Beach,,312.8,604.29,409.96,507.13,
15ac1738-056c-4820-bb75-ef2158ff24ff,Australia,AUS-Tasmania,Tasmania,TAS,7270,Kayena,,312.8,604.29,409.96,507.13,
11620783-9898-401c-af0e-1b5557165d60,Australia,AUS-Tasmania,Tasmania,TAS,7304,Kimberley,,354.43,687.57,465.47,576.51,
47caf4ba-aa0c-445f-93f4-452a7786f643,Australia,AUS-Tasmania,Tasmania,TAS,7250,Launceston,,228.1,456.2,304.13,380.17,
53d57035-71ec-40f0-b0d5-380b9ea598ff,Australia,AUS-Tasmania,Tasmania,TAS,7277,Legana,,228.1,456.2,304.13,380.17,
ad34dee2-8706-4d9b-bde1-f720e8ac9234,Australia,AUS-Tasmania,Tasmania,TAS,7005,Lower Sandy Bay,,244.22,488.44,325.63,407.03,
dbad2785-70c2-420a-9857-e2158428c388,Australia,AUS-Tasmania,Tasmania,TAS,7109,Petcheys Bay,,329.03,633.3,431.62,512.89,
db2dfec9-7295-4dfa-af03-5b04ba0b57de,Australia,AUS-Tasmania,Tasmania,TAS,7254,Pipers Brook,,354.43,687.57,465.47,576.51,
6e6413ad-d311-4d4b-b104-d09ddd1e4158,Australia,AUS-Tasmania,Tasmania,TAS,7304,Red Hills,,354.43,687.57,465.47,576.51,
a5d530ec-6645-47c3-8f42-21bfa33b4e6a,Australia,AUS-Tasmania,Tasmania,TAS,7258,Relbia,,228.1,456.2,304.13,380.17,
eef96212-ec47-4466-bf9d-c270f3490feb,Australia,AUS-Tasmania,Tasmania,TAS,7025,Richmond,,329.03,633.3,431.62,512.89,
1663be2e-c6d4-4eb1-bfc7-49b73604de8c,Australia,AUS-Tasmania,Tasmania,TAS,7018,Rosny Park,,228.1,456.2,304.13,380.17,
b0cd3ece-ecf0-4a81-80d1-887c839910ae,Australia,AUS-Tasmania,Tasmania,TAS,7270,"Rowella, West Tamar",,312.8,604.29,409.96,507.13,
86d2409c-b877-4743-9fb6-f3f242a1b837,Australia,AUS-Tasmania,Tasmania,TAS,7270,Sidmouth,,312.8,604.29,409.96,507.13,
9a519912-677c-4b85-896f-b033d4ba0295,Australia,AUS-Tasmania,Tasmania,TAS,7216,St Helena,,375.31,771.95,521.73,646.85,
432f44bc-c36b-497f-932c-114bad6b867b,Australia,AUS-Tasmania,Tasmania,TAS,7303,Westbury,,312.8,604.29,409.96,507.13,
d8cfb984-5707-4b8a-a381-90fc6bf2e438,Australia,AUS-Alpine Valley,Victoria,VIC,3741,Bright,,132.68,132.68,132.68,132.68,
2b6e0809-711a-4864-80c1-0a89f20421a8,Australia,AUS-Alpine Valley,Victoria,VIC,3737,Gapstead,,132.68,132.68,132.68,132.68,
5b6f5783-ecde-482b-a271-b2f915699b98,Australia,AUS-Alpine Valley,Victoria,VIC,3740,Porepunkah,,133.46,133.46,133.46,133.46,
939250ff-7bac-47b0-9506-88914625730d,Australia,AUS-Alpine Valley,Victoria,VIC,3442,Woodend,,121.5,243,121.5,121.5,2000L tanks are local depot collect only
1b2da388-caa5-427e-baf8-e2826d7bb9b2,Australia,AUS-Alpine Valley,Victoria,VIC,3749,Yackendandah,,132.68,132.68,132.68,132.68,
93096651-262e-496e-be43-abc3e57a2ae7,Australia,AUS-Ballarat,Victoria,VIC,3350,Ballarat,,100.44,100.44,100.44,100.44,
b442688c-a0ee-47e7-884e-9da5cd141e33,Australia,AUS-Bendigo,Victoria,VIC,3463,Baringhup,,100.44,100.44,100.44,100.44,
d52ef12a-fb88-4565-a133-525f840560df,Australia,AUS-Bendigo,Victoria,VIC,3552,Bendigo,,100.44,100.44,100.44,100.44,
0f83f11a-06d7-414c-a08d-028619db1fd7,Australia,AUS-Bendigo,Victoria,VIC,3453,Big Hill,,100.44,100.44,100.44,100.44,
83a3bff7-ce52-493b-a696-34b89755f69c,Australia,AUS-Bendigo,Victoria,VIC,3516,Bridgewater on Loddon,,100.44,100.44,100.44,100.44,
f90f9692-5b17-47ca-b8a8-4417fb6ab477,Australia,AUS-Bendigo,Victoria,VIC,3658,Broadford,,133.65,133.65,133.65,133.65,
9fa45d37-6b7d-49d8-81f5-a7b971481ba3,Australia,AUS-Bendigo,Victoria,VIC,3464,Carisbrook,,100.44,100.44,100.44,100.44,
66267963-18ff-41b6-938c-0e61149d7a86,Australia,AUS-Bendigo,Victoria,VIC,3460,Daylesford,,100.44,100.44,100.44,100.44,
08d5fd48-a678-4f83-92f8-edfa3f8a6eeb,Australia,AUS-Bendigo,Victoria,VIC,3453,Harcourt,,100.44,100.44,100.44,100.44,
a83eafae-e6fb-4718-aa4f-3d8254553c58,Australia,AUS-Bendigo,Victoria,VIC,3453,Harcourt North,,100.44,100.44,100.44,100.44,
8ac36804-cfc1-43e7-b59c-5900bd2bfac0,Australia,AUS-Bendigo,Victoria,VIC,3551,Maiden Gully,,100.44,100.44,100.44,100.44,
f5480f00-f93b-4613-9546-3d0630f6efb0,Australia,AUS-Bendigo,Victoria,VIC,3463,Maldon,,100.44,100.44,100.44,100.44,
815c42a7-433b-498d-adef-df3df597c84a,Australia,AUS-Bendigo,Victoria,VIC,3206,Middle Park,,51,51,51,51,
128900f2-0232-4ca9-9206-79706ef34518,Australia,AUS-Bendigo,Victoria,VIC,3462,Newstead,,100.44,100.44,100.44,100.44,
0f3a81b4-5e86-4828-9b34-84ce997d918a,Australia,AUS-Bendigo,Victoria,VIC,3523,Redcastle,,194.2,209.13,209.13,209.13,
318e3821-71b3-483f-9d08-4b6877d7b35b,Australia,AUS-Bendigo,Victoria,VIC,3364,Springmount,,100.44,91.56,91.56,91.56,
0f64a562-78fe-4dc8-80ee-a0bf5e9bc5f0,Australia,AUS-Bendigo,Victoria,VIC,3448,Sutton Grange,,151.24,151.24,151.24,151.24,
623aab6e-d33b-4deb-8625-7b835941202f,Australia,AUS-Mildura,Victoria,VIC,3602,Mildura,,188.33,188.33,188.33,188.33,
1f35bc53-a077-4634-b048-fdbe205158db,Australia,AUS-Geelong,Victoria,VIC,3249,Alvie,,179.2,179.2,179.2,179.2,
b2a5dba6-4e5a-431c-95af-58ead57e74cb,Australia,AUS-Geelong,Victoria,VIC,3241,Bambra,,179.2,179.2,179.2,179.2,
fb7f86b4-38a5-48d1-be45-46719a56da2b,Australia,AUS-Geelong,Victoria,VIC,3214,Corio,,62.87,62.87,62.87,62.87,
8eb3fde6-b2da-4721-9c4e-140437d8659f,Australia,AUS-Geelong,Victoria,VIC,3222,Curlewis,,90.81,90.81,90.81,90.81,
482e921d-a25f-4da9-b873-759833f07753,Australia,AUS-Geelong,Victoria,VIC,3235,Deans Marsh,,90.81,90.81,90.81,90.81,
cc957242-66a6-4bba-a279-19cf39124e61,Australia,AUS-Geelong,Victoria,VIC,3222,Drysdale,,90.81,90.81,90.81,90.81,
3497aaa6-fae6-47c1-94da-73b1106d4928,Australia,AUS-Geelong,Victoria,VIC,3213,Geelong,,62.87,62.87,62.87,62.87,
f7239771-3ca4-44f3-be8d-f6089e7d2b7f,Australia,AUS-Geelong,Victoria,VIC,3216,Highton,,66.56,133.11,66.56,133.11,
f21e0986-bec6-44a1-a0ff-e0b79a328506,Australia,AUS-Geelong,Victoria,VIC,3224,Leopold,,83.3,166.59,83.3,166.59,
2dd4ef75-f82e-4161-96ac-8a18497b505b,Australia,AUS-Geelong,Victoria,VIC,3332,Lethbridge,,132.73,132.73,132.73,132.73,
f065312d-7e48-446e-b819-43a79a360d65,Australia,AUS-Geelong,Victoria,VIC,3240,Modewarre,,118.76,118.76,118.76,118.76,
26ece13f-0be1-438a-b96f-a3dce246d65e,Australia,AUS-Geelong,Victoria,VIC,3240,Mt Moriac,,99.97,199.94,99.97,199.94,
65b9bac1-195e-48ee-b6f7-884ff9bcf0ba,Australia,AUS-Geelong,Victoria,VIC,3243,Murroon,,123.16,123.16,123.16,123.16,
c699e9c4-0f93-422b-87ce-945b131d382a,Australia,AUS-Geelong,Victoria,VIC,3240,Paraparap,,118.76,118.76,118.76,118.76,
cd96fd63-fb60-42ef-a98a-4c48ecea10ff,Australia,AUS-Geelong,Victoria,VIC,3223,Portarlington,,90.81,90.81,90.81,90.81,
e1253319-7529-4a31-8e0e-bf88d000242c,Australia,AUS-Geelong,Victoria,VIC,3221,Stonehaven,,62.87,62.87,62.87,62.87,
4f652730-33aa-4e31-905e-348a541e5884,Australia,AUS-Geelong,Victoria,VIC,3328,Teesdale,,146.7,146.7,146.7,146.7,
7ca8c5f7-23ee-47aa-aaef-c7a8ad58ab77,Australia,AUS-Geelong,Victoria,VIC,3268,Timboon,,99.97,199.94,99.97,199.94,
e5132e7e-8490-43f4-888c-62cdb4cf1af4,Australia,AUS-Geelong,Victoria,VIC,3228,Torquay,,83.3,166.59,83.3,166.59,
889cbd5f-7929-4bd1-93f5-106acc979fb9,Australia,AUS-Geelong,Victoria,VIC,3221,Wallington,,83.3,166.59,83.3,166.59,
76b98ab9-ce3c-4c9f-9e1b-02acc1487aa1,Australia,AUS-Geelong,Victoria,VIC,3216,Waurn Ponds,,66.56,133.11,66.56,133.11,
c2318ec8-3693-4eb5-9e8c-b5e7e2b129a8,Australia,AUS-Gippsland,Victoria,VIC,3875,Bairnsdale,,101.25,101.25,101.25,101.25,
88ab4050-9b7b-40d3-a386-d1b427240468,Australia,AUS-Gippsland,Victoria,VIC,3953,Berry's Creek,,101.25,101.25,101.25,101.25,
37c02ef3-d446-49e2-afdb-fe642e615f4e,Australia,AUS-Gippsland,Victoria,VIC,3960,Foster,,101.25,101.25,101.25,101.25,
7c4fc698-9251-4acc-98be-5171f336aa40,Australia,AUS-Gippsland,Victoria,VIC,3953,Leongatha,,101.25,101.25,101.25,101.25,
4eeb03ca-a6d3-47e5-ac94-dbc09d9a9b05,Australia,AUS-Gippsland,Victoria,VIC,3859,Maffa West Upper,,101.25,101.25,101.25,101.25,
a0ed6f09-3d97-491c-bdca-84b1807ad3ed,Australia,AUS-Gippsland,Victoria,VIC,3804,Narre Warren East,,51,51,51,51,
6f5d055b-a9d3-4044-ac43-57c2c1aacdee,Australia,AUS-Gippsland,Victoria,VIC,3831,Neerim South,,101.25,101.25,101.25,101.25,
4d16e577-2ae2-46d1-b673-e0ee20b730c2,Australia,AUS-Gippsland,Victoria,VIC,3810,Pakenham Upper,,101.25,101.25,101.25,101.25,
35fa720b-1162-45ae-9253-2a2d288328ce,Australia,AUS-Gippsland,Victoria,VIC,3885,Tambo Upper,,155.25,155.25,155.25,155.25,
0cdeba02-c49c-45e9-a8ad-f983b04522e3,Australia,AUS-Gippsland,Victoria,VIC,3984,The Gurdies,,101.25,101.25,101.25,101.25,
1f34d8a9-73c7-470a-b257-79fa5c10dbf2,Australia,AUS-Gippsland,Victoria,VIC,3859,Tinamba West,,101.25,101.25,101.25,101.25,
690a7618-1224-4b31-aa31-459356c9827d,Australia,AUS-Gippsland,Victoria,VIC,3844,Traralgon,,101.25,101.25,101.25,101.25,
10d3df0d-c2aa-4d73-95a5-c26afb9d8fc3,Australia,AUS-Gippsland,Victoria,VIC,3820,Warragul,,101.25,101.25,101.25,101.25,
fae767de-dd0d-4602-a0e4-7925762237bf,Australia,AUS-Gippsland,Victoria,VIC,3995,Wonthaggi,,101.25,101.25,101.25,101.25,
5b474855-5032-4b41-99ed-17005b866cfa,Australia,AUS-Goulburn Valley,Victoria,VIC,3664,Avenel,,132.68,132.68,132.68,132.68,
27971fe6-9c7a-46fd-926e-563d8d0ba295,Australia,AUS-Goulburn Valley,Victoria,VIC,3660,Caveat,,164.32,179.25,179.25,179.25,
a09c02f0-2440-41fe-bb4e-6634de8b1e50,Australia,AUS-Goulburn Valley,Victoria,VIC,3111,Donvale,,51,51,51,51,
59ba741b-c8f5-4aa2-a555-1d2c4508435f,Australia,AUS-Goulburn Valley,Victoria,VIC,3665,Locksley,,164.32,179.25,179.25,179.25,
3acd9d11-2079-4836-b7ba-937d0d9be163,Australia,AUS-Goulburn Valley,Victoria,VIC,3665,Longwood,,239,253.95,253.95,253.95,
2376a7ce-b71f-4c5f-8f94-7b75219721ee,Australia,AUS-Goulburn Valley,Victoria,VIC,3724,Mansfield,,207.9,207.9,207.9,207.9,
ce6aea33-150b-4bcb-9476-547d2549fa2e,Australia,AUS-Goulburn Valley,Victoria,VIC,3000,Melbourne,,51,51,51,51,
a4ba0fe9-3f81-48ff-89c0-2b91814026be,Australia,AUS-Goulburn Valley,Victoria,VIC,3610,Murchison,,133.65,133.65,133.65,133.65,
c5013361-1b12-4c28-9d49-ec65385b143e,Australia,AUS-Goulburn Valley,Victoria,VIC,3610,Murchison East,,133.65,133.65,133.65,133.65,
3a112a21-9ce0-47ed-97b8-64460ade4065,Australia,AUS-Goulburn Valley,Victoria,VIC,3608,Nagambie,,133.65,133.65,133.65,133.65,
6e93ba58-28c1-4e5b-b639-6163129c8d2b,Australia,AUS-Goulburn Valley,Victoria,VIC,3090,Plenty,,51,51,51,51,
7d201b05-0bac-4ee0-9e21-1caf67b40b8b,Australia,AUS-Goulburn Valley,Victoria,VIC,3612,Rushworth,,133.65,133.65,133.65,133.65,
843e2e13-68c1-4bde-ad60-fdad84c639d0,Australia,AUS-Goulburn Valley,Victoria,VIC,3660,Seymour,,111.38,111.38,111.38,111.38,
5ac21f28-1940-4056-b37c-26feb9ca7a4e,Australia,AUS-Goulburn Valley,Victoria,VIC,3205,South Melbourne,,51,51,51,51,
542bc42f-0046-4492-9a18-38d579e83d26,Australia,AUS-Goulburn Valley,Victoria,VIC,3142,Toorak,,51,51,51,51,
10b34d40-9d9f-4a77-8824-2a0efaba6518,Australia,AUS-Grampians,Victoria,VIC,3377,Armstrong,,83.3,166.59,83.3,166.59,
05926610-43b3-4873-b80e-310a0cd49b37,Australia,AUS-Grampians,Victoria,VIC,3377,Moyston,,239,253.95,253.95,253.95,
6df3c4d4-a1cc-46af-ba89-b5defbdc2bb3,Australia,AUS-Grampians,Victoria,VIC,3377,Warrak,,194.2,209.13,209.13,209.13,
4e1a3058-11e0-4d7b-b39e-8869a656a97d,Australia,AUS-Heathcote,Victoria,VIC,3444,Barfold,,121.5,243,121.5,121.5,2000L tanks are local depot collect only
63a83dcc-7eb3-4b97-9ec1-b492813bf257,Australia,AUS-Heathcote,Victoria,VIC,3469,Elmhurst,,194.2,209.13,209.13,209.13,
3a036d1a-52d0-42b1-b2bf-f5c5ae0cba16,Australia,AUS-Heathcote,Victoria,VIC,3184,Elwood,,51,51,51,51,
1c6a94cc-5f9a-4361-8bba-348059633bf0,Australia,AUS-Heathcote,Victoria,VIC,3444,Glenhope,,121.5,243,121.5,121.5,2000L tanks are local depot collect only
5aa085a8-e3cd-4072-9afe-6978ec0c418b,Australia,AUS-Heathcote,Victoria,VIC,3523,Heathcote,,100.44,100.44,100.44,100.44,
17138595-9471-4c46-a110-ab716f4d1b88,Australia,AUS-Heathcote,Victoria,VIC,3444,Redesdale,,121.5,243,121.5,121.5,2000L tanks are local depot collect only
c852bfb1-3734-4f45-a70b-ef68d76427e6,Australia,AUS-Heathcote,Victoria,VIC,3551,Toolleen,,151.24,151.24,151.24,151.24,
af1bf16c-dc80-4aff-a780-b0ebe7daa244,Australia,AUS-Heathcote,Victoria,VIC,3551,Toolleen,,151.24,151.24,151.24,151.24,
b454d663-31bc-4043-a862-6dfeea6209ce,Australia,AUS-Heathcote,Victoria,VIC,3462,Welshmans Reef,,151.24,151.24,151.24,151.24,
65d80005-1e50-49fa-bca4-61d40d3b6c37,Australia,AUS-Henty,Victoria,VIC,3300,Hamilton,,99.97,199.94,99.97,199.94,
a9b86a57-79e6-4fb4-9ce8-7d54dbff483d,Australia,AUS-Henty,Victoria,VIC,3286,Macarthur,,121.37,242.73,121.37,242.73,
7b3e6cd4-24a4-4b6c-9381-46d1d4c28a1a,Australia,AUS-King Valley,Victoria,VIC,3747,Beechworth,,132.68,132.68,132.68,132.68,
f49ac1fa-af55-4fda-ae74-d407c995532f,Australia,AUS-King Valley,Victoria,VIC,3678,Cheshunt,,216.61,215.53,215.53,231.54,
64c256b1-c8c6-414d-8f02-2099ebf6f49c,Australia,AUS-King Valley,Victoria,VIC,3678,Cheshunt,,216.61,231.54,231.54,231.54,
a5f70b6f-c7ce-4519-bf80-283c6f4ed454,Australia,AUS-King Valley,Victoria,VIC,3732,King Valley,,132.68,132.68,132.68,132.68,
bc735c16-2673-4722-b20e-22c31dae3f31,Australia,AUS-King Valley,Victoria,VIC,3678,Milawa,,132.68,132.68,132.68,132.68,
1debca26-31bb-420b-b47d-4d1d4ef13f84,Australia,AUS-King Valley,Victoria,VIC,3691,Mongans Bridge,,216.61,231.54,231.54,231.54,
9de634b8-7672-458a-b454-5b49704b51da,Australia,AUS-King Valley,Victoria,VIC,3678,Oxley,,132.68,132.68,132.68,132.68,
63cc788e-2af7-4268-9d83-224cbd9118c2,Australia,AUS-King Valley,Victoria,VIC,3676,Wangaratta,,132.68,132.68,132.68,132.68,
e93e694a-1c6a-4b2b-8594-c7db7891ee5d,Australia,AUS-King Valley,Victoria,VIC,3733,Whitfield,,188.51,188.51,188.51,188.51,
9a28c1f2-8f4f-424a-b158-9b8e258d5645,Australia,AUS-Macedon Ranges,Victoria,VIC,3433,Baynton,,121.5,243,121.5,121.5,2000L tanks are local depot collect only
862ee55c-ccdc-4e3e-b3d5-29acac8b090b,Australia,AUS-Macedon Ranges,Victoria,VIC,3437,Gisborne,,121.5,243,121.5,121.5,2000L tanks are local depot collect only
797cbc1e-bd72-4067-b772-b3e1a04d6f6d,Australia,AUS-Macedon Ranges,Victoria,VIC,3451,Guilford,,148.5,297,148.5,148.5,2000L tanks are local depot collect only
0b3cf230-02a2-43f2-9b78-66fa3c1e1ccf,Australia,AUS-Macedon Ranges,Victoria,VIC,3444,Kyneton,,121.5,243,121.5,121.5,2000L tanks are local depot collect only
4f7747db-d57f-43dd-86e4-0118cf30b2d1,Australia,AUS-Macedon Ranges,Victoria,VIC,3435,Lancefield,,121.5,243,121.5,121.5,2000L tanks are local depot collect only
9acd9105-c5c3-40b3-b648-c24399b62a10,Australia,AUS-Macedon Ranges,Victoria,VIC,3085,McLeod,,51,51,51,51,
8959d85d-7320-46a2-980b-651f4067c27a,Australia,AUS-Macedon Ranges,Victoria,VIC,3441,Mount Macedon,,121.5,243,121.5,121.5,2000L tanks are local depot collect only
5ab502c2-90eb-4997-b34d-da32ba1b6f3b,Australia,AUS-Macedon Ranges,Victoria,VIC,3444,Pipers Creek,,121.5,243,121.5,121.5,2000L tanks are local depot collect only
5e4754dc-38f0-4f99-a52e-966ad7d67049,Australia,AUS-Macedon Ranges,Victoria,VIC,3335,Rockbank,,104.79,104.79,104.79,104.79,
617bb52f-52e4-4065-a739-21930df4089d,Australia,AUS-Macedon Ranges,Victoria,VIC,3429,Sunbury,,90.81,90.81,90.81,90.81,
f6d338f8-085e-4cb0-9715-d1db2834b9be,Australia,AUS-Melbourne,Victoria,VIC,3195,Braeside,,51,51,51,51,
9489e7e7-b8aa-4e41-ad24-05a8a793908d,Australia,AUS-Melbourne,Victoria,VIC,3056,Brunswick,,51,51,51,51,
edea196f-946b-4939-960a-b0b490ac77a5,Australia,AUS-Melbourne,Victoria,VIC,3054,Carlton North,,51,51,51,51,
32240560-707d-4b13-b1b9-4b419b9d6458,Australia,AUS-Melbourne,Victoria,VIC,3192,Cheltenham,,51,51,51,51,
f0df680c-dcb5-4474-a570-ee41566e5b4a,Australia,AUS-Melbourne,Victoria,VIC,3066,Collingwood,,51,51,51,51,
cff473ad-b230-4676-ae06-78893f2a4587,Australia,AUS-Melbourne,Victoria,VIC,3089,Diamond Creek,,51,51,51,51,
60d59b81-7d38-40bc-b429-7f4f815758f2,Australia,AUS-Melbourne,Victoria,VIC,3108,Doncaster,,51,51,51,51,
7912f581-0ed4-467f-a8a6-61aad3354e70,Australia,AUS-Melbourne,Victoria,VIC,3041,Essendon North,,51,51,51,51,
f4b4a6cc-ad3f-4b39-9375-5e3b1baaa3d8,Australia,AUS-Melbourne,Victoria,VIC,3149,Mount Waverley,,51,51,51,51,
846bc9c5-31a7-4e43-a967-d56f15a0d178,Australia,AUS-Melbourne,Victoria,VIC,3070,Northcote,,51,51,51,51,
bf4dba81-4faa-4ca9-a81a-4c64d6f0839e,Australia,AUS-Melbourne,Victoria,VIC,3010,Parkville,,51,51,51,51,
a255e967-719c-4b68-bb8f-def065d996ab,Australia,AUS-Melbourne,Victoria,VIC,3072,Preston,,51,51,51,51,
cee08c74-cb75-477f-8756-ed1315f5f15c,Australia,AUS-Melbourne,Victoria,VIC,3141,South Yarra,,51,51,51,51,
36735b00-7505-4da0-b4eb-ae2b36b20d9e,Australia,AUS-Melbourne,Victoria,VIC,3127,Surrey Hills,,51,51,51,51,
3f4428c3-df46-43c7-8ef4-50514fa6ddf3,Australia,AUS-Melbourne,Victoria,VIC,3113,Warrandyte,,51,51,51,51,
50ed1e3e-e8bb-45ec-a938-a07e62d0f8dd,Australia,AUS-Melbourne,Victoria,VIC,3013,Yarraville,,51,51,51,51,
8ffdffaf-473f-4253-a67a-cf65ffed889c,Australia,AUS-Mornington,Victoria,VIC,3936,Arthurs Seat,,149.38,164.32,164.32,164.32,
2e3be1f4-5f1c-4a4f-a43a-71f333667e45,Australia,AUS-Mornington,Victoria,VIC,3926,Balnarring,,164.32,179.25,179.25,179.25,
af3470d7-ace2-4e36-af20-299ac4f1af6f,Australia,AUS-Mornington,Victoria,VIC,3936,Dromana,,149.38,164.32,164.32,164.32,
6aef87c6-90fd-4be9-89d3-c2c1765649bb,Australia,AUS-Mornington,Victoria,VIC,3929,Flinders,,149.38,164.32,164.32,164.32,
c45c6507-aa6b-421d-9ecd-d4195597c1a2,Australia,AUS-Mornington,Victoria,VIC,3199,Frankston Central,,51,51,51,51,
bc05221d-6ac0-4037-acb1-940fa2ae20b5,Australia,AUS-Mornington,Victoria,VIC,3921,French Island,,216.61,231.54,231.54,231.54,
2a7fe399-65e6-4f1e-840c-fa98b20d4887,Australia,AUS-Mornington,Victoria,VIC,3928,Main Ridge,,149.38,164.32,164.32,164.32,
b2065653-ed62-4a44-8349-4a0161e0f8db,Australia,AUS-Mornington,Victoria,VIC,3933,Moorooduc,,149.38,164.32,164.32,164.32,
37f0a45d-b2a7-433a-9b63-5305e19ea239,Australia,AUS-Mornington,Victoria,VIC,3195,Mordialloc,,51,51,51,51,
15848e86-5cda-4659-8489-a55db8e09dbd,Australia,AUS-Mornington,Victoria,VIC,3931,Mornington,,149.38,164.32,164.32,164.32,
25b5326c-1e77-4a4a-92f1-edfdb879de60,Australia,AUS-Mornington,Victoria,VIC,3930,Mt Eliza,,149.38,164.32,164.32,164.32,
01723eae-4023-4700-a99e-fbbb1ed972f9,Australia,AUS-Mornington,Victoria,VIC,3937,Red Hill,,149.38,164.32,164.32,164.32,
ec894209-8228-4e4e-bb50-4833b7f2bdef,Australia,AUS-Mornington,Victoria,VIC,3937,Red Hill South,,149.38,164.32,164.32,164.32,
9f47c16c-adcb-455b-87d9-5fc5dcef1f3b,Australia,AUS-Mornington,Victoria,VIC,3916,Shoreham,,164.32,179.25,179.25,179.25,
a3bba3c6-7c07-4652-8b1a-70a2e1f0a80b,Australia,AUS-Mornington,Victoria,VIC,3941,St Andrews Beach,,149.38,164.32,164.32,164.32,
3d1a5011-9cfb-4a11-9a37-1adbe7c97b1a,Australia,AUS-Mornington,Victoria,VIC,3918,Tuerong,,149.38,164.32,164.32,164.32,
291dec54-7aa0-4d7a-8edf-fab39a75acb5,Australia,AUS-Mornington,Victoria,VIC,3913,Tyabb,,149.38,164.32,164.32,164.32,
6132784d-7dea-4619-96c3-736ddc569658,Australia,AUS-Nth East,Victoria,VIC,3128,Box Hill South,,51,51,51,51,
4178d10e-36a2-4400-8d98-7ba0cdb4b6ae,Australia,AUS-Nth East,Victoria,VIC,3646,Dookie,,133.65,133.65,133.65,133.65,
631d3a0d-2a95-48a4-9b7e-83821d382379,Australia,AUS-Nth East,Victoria,VIC,3691,Gundowring,,224.03,224.03,224.03,224.03,
100cbe65-2fba-49f3-9904-593597a7f2c7,Australia,AUS-Nth East,Victoria,VIC,3678,Markwood,,132.68,132.68,132.68,132.68,
03047466-17c4-43c0-a49b-14d4b259fa12,Australia,AUS-Nth East,Victoria,VIC,3135,Ringwood East,,51,51,51,51,
9aebcb85-a142-4194-b0e8-7d6992f6ba09,Australia,AUS-Nth East,Victoria,VIC,3675,Taminick via Glenrowan,,133.65,133.65,133.65,133.65,
8347ad9e-ebef-432e-a290-1fef93496695,Australia,AUS-Pyrenees,Victoria,VIC,3371,Amherst,,151.24,151.24,151.24,151.24,
3be33d7b-7030-465c-9b93-c7cf6a319283,Australia,AUS-Pyrenees,Victoria,VIC,3377,Ararat,,99.97,199.94,99.97,199.94,
f29df6e7-6caa-4367-9c21-64d30a8db9b3,Australia,AUS-Pyrenees,Victoria,VIC,3467,Avoca,,100.44,100.44,100.44,100.44,
a905a4b1-2619-4798-b493-090b00edc79e,Australia,AUS-Pyrenees,Victoria,VIC,3373,Beaufort,,99.97,199.94,99.97,199.94,
d8630cb0-cbab-4f26-b94f-73654f1e5cde,Australia,AUS-Pyrenees,Victoria,VIC,3357,Buninyong,,99.97,199.94,99.97,199.94,
a94f7772-7eac-4fca-a02f-f392939a3343,Australia,AUS-Pyrenees,Victoria,VIC,3364,Coghills Creek,,148.5,297,148.5,148.5,2000L tanks are local depot collect only
3345b20d-72b5-41a6-9bec-2f451a5c7d90,Australia,AUS-Pyrenees,Victoria,VIC,3377,Crowlands,,194.2,209.13,209.13,209.13,
6100ab9b-9135-4a01-8fa7-6e34b4c23a4c,Australia,AUS-Pyrenees,Victoria,VIC,3469,Glenlofty,,194.2,209.13,209.13,209.13,
644cc634-8a7b-42ea-b581-70b5f93054f2,Australia,AUS-Pyrenees,Victoria,VIC,3377,Great Western,,99.97,199.94,99.97,199.94,
e182b783-c43f-40f6-987b-13c62dd38f65,Australia,AUS-Pyrenees,Victoria,VIC,3190,Highett,,51,51,51,51,
6c9903d2-3557-4ef8-8c91-87fb5b86a431,Australia,AUS-Pyrenees,Victoria,VIC,3400,Horsham,,99.97,199.94,99.97,199.94,
f794caca-c5a0-462e-bba5-f35217074363,Australia,AUS-Pyrenees,Victoria,VIC,3352,Lamplough,,148.5,297,148.5,148.5,2000L tanks are local depot collect only
e5852e20-23d6-498c-8295-bd9f31eccf32,Australia,AUS-Pyrenees,Victoria,VIC,3377,Maroona,,121.37,242.73,121.37,242.73,
53101db3-4cfc-4055-8410-8c6a65c47823,Australia,AUS-Pyrenees,Victoria,VIC,3478,Moonambel,,148.5,297,148.5,148.5,2000L tanks are local depot collect only
fc73c6c4-8c4b-499c-a4dc-e9504dc7f728,Australia,AUS-Pyrenees,Victoria,VIC,3350,Mount Clear,,100.44,100.44,100.44,100.44,
d17e2b5c-f13b-4569-9480-915dfff6283a,Australia,AUS-Pyrenees,Victoria,VIC,3461,Musk,,148.5,297,148.5,148.5,2000L tanks are local depot collect only
3235acb6-b504-4a44-8ded-5c0d87a22358,Australia,AUS-Pyrenees,Victoria,VIC,3351,Smythes Creek,,151.24,151.24,151.24,151.24,
c26c1090-f1ec-4ee9-9b71-07a4c1cb68c8,Australia,AUS-Pyrenees,Victoria,VIC,3401,Wartook,,194.2,209.13,209.13,209.13,
2356d993-7d77-4d00-82ea-9a90605a85c2,Australia,AUS-Pyrenees,Victoria,VIC,3355,Wendouree,,100.44,100.44,100.44,100.44,
4b96b430-6cd0-4978-a953-c0dc29d4eda3,Australia,AUS-Pyrenees,Victoria,VIC,3379,Willaura,,216.61,231.54,231.54,231.54,
0a1b149e-dac6-43de-a6bb-8db979e6499b,Australia,AUS-Riverland,Victoria,VIC,3590,Beverford,,188.33,188.33,188.33,188.33,
d857c6a4-405c-474a-a0ab-f13f002ba334,Australia,AUS-Riverland,Victoria,VIC,3496,Karadoc,,188.33,188.33,188.33,188.33,
bf67d4ad-7c26-4512-8275-a842ce538548,Australia,AUS-Riverland,Victoria,VIC,3597,Piangil,,188.33,188.33,188.33,188.33,
dfd04c5c-5ec4-40f1-91e9-debc91dd06c3,Australia,AUS-Rutherglen,Victoria,VIC,3685,Rutherglen,,132.68,132.68,132.68,132.68,
8c43874b-e609-4ac4-aac4-77aa71f7507a,Australia,AUS-Rutherglen,Victoria,VIC,3687,Wahgunyah,,132.68,132.68,132.68,132.68,
7801c3b4-3b66-4090-8f98-e407296c2915,Australia,AUS-Tasmania,Victoria,VIC,3183,St Kilda East,,51,51,51,51,
45d1a657-93c7-4d0e-b15f-2fa474c5fa32,Australia,AUS-Yarra Valley,Victoria,VIC,3067,Abbotsford,,51,51,51,51,
257ef4f9-0947-44bd-9a42-9b6dbb2d1ec7,Australia,AUS-Yarra Valley,Victoria,VIC,3099,Arthurs Creek,,126.97,141.91,141.91,141.91,
2db6fd00-b170-40be-9fa0-ce8b1724866d,Australia,AUS-Yarra Valley,Victoria,VIC,3186,Brighton,,51,51,51,51,
d7072562-c847-4b0b-93d9-66a7df7e552e,Australia,AUS-Yarra Valley,Victoria,VIC,3770,Coldsteam,,194.2,209.13,209.13,209.13,
72ce12b5-0e59-45fc-861a-e1835ac3c580,Australia,AUS-Yarra Valley,Victoria,VIC,3770,Coldstream,,194.2,209.13,209.13,209.13,
b6cb4e62-6400-472e-991d-648a591a7373,Australia,AUS-Yarra Valley,Victoria,VIC,3136,Croydon Hills,,51,51,51,51,
2ab3b366-5e13-4617-b177-3190ad4d1df9,Australia,AUS-Yarra Valley,Victoria,VIC,3340,Darley,,121.5,243,121.5,121.5,2000L tanks are local depot collect only
9722b75f-8d01-4800-acc1-7b01aa4e5613,Australia,AUS-Yarra Valley,Victoria,VIC,3775,Dixons Creek,,164.32,179.25,179.25,179.25,
2154c471-b54f-49ff-8277-02a13938f652,Australia,AUS-Yarra Valley,Victoria,VIC,8012,Docklands,,51,51,51,51,
e9983c53-cfe0-4544-930c-38bed8f06fa6,Australia,AUS-Yarra Valley,Victoria,VIC,3799,East Warburton,,194.2,209.13,209.13,209.13,
79e2ecc5-1014-4e82-9299-3b53c0f1c602,Australia,AUS-Yarra Valley,Victoria,VIC,3095,Eltham,,51,51,51,51,
23832b4b-4716-4988-b67f-d426f1c7a2ad,Australia,AUS-Yarra Valley,Victoria,VIC,3782,Emerald,,149.38,164.32,164.32,164.32,
66dafd57-0084-4dc2-944e-09b7cd311117,Australia,AUS-Yarra Valley,Victoria,VIC,3777,Healesville,,164.32,179.25,179.25,179.25,
bfc3df25-3a26-4fa9-8ce1-7a85ddf8afc1,Australia,AUS-Yarra Valley,Victoria,VIC,3097,Kangaroo Ground,,119.5,134.45,134.45,134.45,
6edf4a50-7dc1-45c8-bc37-7c80c2506ca8,Australia,AUS-Yarra Valley,Victoria,VIC,3031,Kensington,,51,51,51,51,
d9865b20-04b2-4269-b58f-72225f9f07cc,Australia,AUS-Yarra Valley,Victoria,VIC,3101,Kew,,51,51,51,51,
c4e09dfa-d89b-4470-a7e6-a92504f9f653,Australia,AUS-Yarra Valley,Victoria,VIC,3140,Lilydale,,100.49,100.49,100.49,100.49,
2f07a309-c77a-44e7-ae6a-17f08eaaa7e1,Australia,AUS-Yarra Valley,Victoria,VIC,3093,Lower Plenty,,51,51,51,51,
27dd9785-d99d-4dc9-aec9-09183a8941a4,Australia,AUS-Yarra Valley,Victoria,VIC,3113,Nth Warrandyte,,119.5,134.45,134.45,134.45,
07e4a1e1-d168-4239-a218-328ae51bf9f1,Australia,AUS-Yarra Valley,Victoria,VIC,3178,Rowville,,51,51,51,51,
09271981-5884-4efd-904b-c37385cfc59f,Australia,AUS-Yarra Valley,Victoria,VIC,3139,Seville,,149.38,164.32,164.32,164.32,
adbafa3e-ba81-4f5a-9202-080553ec9a32,Australia,AUS-Yarra Valley,Victoria,VIC,3795,Silvan,,164.32,179.25,179.25,179.25,
f2ea0c7b-3248-4d2b-b3c5-14773f362990,Australia,AUS-Yarra Valley,Victoria,VIC,3760,Smiths Gully,,164.32,179.25,179.25,179.25,
72c1171a-e178-4126-b1ef-9f2060aa2b4c,Australia,AUS-Yarra Valley,Victoria,VIC,3775,Steels Creek,,164.32,179.25,179.25,179.25,
aa73fa92-6eb4-4c26-abfd-ab7c4ea92efb,Australia,AUS-Yarra Valley,Victoria,VIC,3775,Tarrawarra,,164.32,179.25,179.25,179.25,
6f73cffe-cc37-4c07-a18d-55ebaf50cb0a,Australia,AUS-Yarra Valley,Victoria,VIC,3139,Wandin East,,164.32,179.25,179.25,179.25,
bb36379f-fa93-456a-b583-8cd821e68162,Australia,AUS-Yarra Valley,Victoria,VIC,3115,Wonga Park,,119.5,134.45,134.45,134.45,
97e0e783-aef9-4588-b9e0-0aa24b9e667c,Australia,AUS-Yarra Valley,Victoria,VIC,3775,Yarra Glen,,194.2,209.13,209.13,209.13,
f3b32d37-103c-43bf-9fbf-7318476436eb,Australia,AUS-Yarra Valley,Victoria,VIC,3000,Yering,,194.2,209.13,209.13,209.13,
d4d47723-cc8d-4198-a218-0136ca1325e1,Australia,AUS-Great South,Western Australia,WA,6831,Perth,,261.46,414.4,288.84,365.57,
c77a870e-bc2d-4d19-92f4-498d9e1bee59,Australia,AUS-Margaret River,Western Australia,WA,6282,Yallingup,,432.09,609.07,483.51,560.24,
26d19414-de1c-40cc-929b-9b23d471dbcc,Australia,AUS-Great South,Western Australia,WA,6330,Albany,,432.09,609.07,483.51,560.24,
d30d1991-b309-4ce1-8296-1b5ebbdbbfba,Australia,AUS-Great South,Western Australia,WA,6237,Boyanup,,450.66,803.74,483.51,560.24,2000L tanks are local depot collect only
82c02b18-244a-48e3-a667-1966dfa6d436,Australia,AUS-Great South,Western Australia,WA,6244,Boyup Brook,,941.81,1114.4,988.84,1065.57,Boyup Book is forklift delivery only
8e6c0452-5c52-4d5b-8399-e6be36fc73ad,Australia,AUS-Great South,Western Australia,WA,6284,Cowaramup,,450.66,609.07,483.51,560.24,
7492ef6a-fbd1-4e10-be43-0480d43da4db,Australia,AUS-Great South,Western Australia,WA,6324,Denmark,,450.66,609.07,483.51,560.24,
3ddd53c9-fd95-4eee-aa6a-81e3988cd98c,Australia,AUS-Great South,Western Australia,WA,6236,Ferguson,,737.7,904.4,778.84,855.57,Feruson is collect from Bunbury depot or Dardanup General Store
aac2ed34-5a40-4b65-a87f-dfcf2017e64e,Australia,AUS-Great South,Western Australia,WA,6324,Forest Hill,,450.66,803.74,483.51,560.24,2000L tanks are local depot collect only
8602bddc-9d30-4e01-8c12-b3fbe4e04acb,Australia,AUS-Great South,Western Australia,WA,6396,Frankland,,436.65,594.65,469.09,545.82,
2d3b31a7-b4e7-4688-b725-76c480f19d1b,Australia,AUS-Great South,Western Australia,WA,6396,Frankland River,,436.65,594.65,469.09,545.82,
acea9bbc-8130-43a3-9347-375a65b86fd4,Australia,AUS-Great South,Western Australia,WA,6220,Harvey,,401.61,558.6,433.04,509.77,
6a8f2da9-1f42-4921-b05a-5f99964d978b,Australia,AUS-Great South,Western Australia,WA,6323,Kendenup,,450.66,609.07,483.51,560.24,
58004477-536d-43d7-ac12-fbdef07961f2,Australia,AUS-Great South,Western Australia,WA,6395,Kojonup,,450.66,609.07,483.51,560.24,
bc3af265-5179-4238-8dca-fdc1e1855ac7,Australia,AUS-Great South,Western Australia,WA,6330,Marbelup via Albany,,450.66,803.74,483.51,560.24,Marbelup is collect from Albany depot only
68aeeb24-17ce-46a7-b896-93764cc57906,Australia,AUS-Great South,Western Australia,WA,6324,Mount Barker,,450.66,609.07,483.51,560.24,
74ff3931-cf74-47b2-905b-bbe4c718ec40,Australia,AUS-Great South,Western Australia,WA,6050,Mt Lawley,,261.46,414.4,288.84,365.57,
979119b8-34e8-49ea-9200-8b1c22e429c0,Australia,AUS-Great South,Western Australia,WA,6260,Pemberton,,450.66,803.74,483.51,560.24,2000L tanks are local depot collect only
6bf975f3-9a1a-4a22-aa23-060e356b3884,Australia,AUS-Great South,Western Australia,WA,6324,Porongurup,,450.66,609.07,483.51,560.24,
7308709b-05d9-4ac0-a235-9363c2b31cb9,Australia,AUS-Great South,Western Australia,WA,6722,South Hedland,,807.19,975.89,850.34,927.07,
ed0ad7ac-2d56-4d1a-abf6-5da5e5ca4568,Australia,AUS-Great South,Western Australia,WA,6308,Wandering,,737.7,904.4,778.84,855.57,Wandering is local depot collect only
16205fb8-05e0-4a81-8422-d2bc1613c09e,Australia,AUS-Great South,Western Australia,WA,6872,West Perth,,261.46,414.4,288.84,365.57,
d9369c83-2a7b-488d-b7c7-c51c16df0bd2,Australia,AUS-Margaret River,Western Australia,WA,6280,Busselton,,450.66,609.07,483.51,560.24,
3d166459-30ad-43df-a098-01ef8ffdb63c,Australia,AUS-Margaret River,Western Australia,WA,6280,Carbunup,,450.66,803.74,483.51,560.24,2000L tanks are local depot collect only
02e78cdc-d659-437c-9122-cf478e985c1a,Australia,AUS-Margaret River,Western Australia,WA,6010,Claremont,,261.46,414.4,288.84,365.57,
ca9c6606-37c5-4860-abe6-164c0f6163c3,Australia,AUS-Margaret River,Western Australia,WA,6239,Donnybrook,,450.66,609.07,483.51,560.24,
8ed38a36-005d-494f-b10f-e6048b25ad3b,Australia,AUS-Margaret River,Western Australia,WA,6281,Dunsborough,,471.69,630.7,505.14,581.87,
44219111-f5f2-4c0b-b70c-51cf803e2c59,Australia,AUS-Margaret River,Western Australia,WA,6288,Karridale,,450.66,803.74,483.51,560.24,2000L tanks are local depot collect only
ecb48bae-df88-4898-b9a7-26a63ccf8218,Australia,AUS-Margaret River,Western Australia,WA,6258,Manjimup,,450.66,609.07,483.51,560.24,
7f5324b6-36a0-4f77-861a-145710d0010a,Australia,AUS-Margaret River,Western Australia,WA,6285,Margaret River,,450.66,609.07,483.51,560.24,
b87a3be3-6f18-43cd-a5b1-acf1b4dbd662,Australia,AUS-Margaret River,Western Australia,WA,6280,Metricup,,436.65,594.65,469.09,545.82,
44aff657-ede5-41ec-9a6a-75861c63c940,Australia,AUS-Margaret River,Western Australia,WA,6280,Wilyabrup,,450.66,609.07,483.51,560.24,
ea5f3e3a-8a88-4887-96cd-4a03875cdaec,Australia,AUS-Margaret River,Western Australia,WA,6282,Yallingup Siding,,450.66,609.07,483.51,560.24,
ced4a259-5993-4acb-bab9-d631d4a7f4ca,Australia,AUS-Melbourne,Western Australia,WA,6081,Parkerville,,261.46,414.4,288.84,365.57,
a3b1a6b9-04e9-48dd-a9bd-2d9ac258af2c,Australia,AUS-Swan Valley,Western Australia,WA,6562,Bakers Hill,,443.66,789.32,476.3,553.03,2000L tanks are local depot collect only
381951fd-94e1-4b00-b54a-a29778ac2c69,Australia,AUS-Swan Valley,Western Australia,WA,6255,Catterick,,450.66,803.74,483.51,560.24,2000L tanks are local depot collect only
42adc521-82e1-4295-8363-70804675cfcb,Australia,AUS-Swan Valley,Western Australia,WA,6023,Duncraig,,261.46,414.4,288.84,365.57,
4eb1b2f4-8381-49af-a543-4d5c074041ce,Australia,AUS-Swan Valley,Western Australia,WA,6056,Middle Swan,,261.46,414.4,288.84,365.57,
833ebb4f-422a-458d-baec-10af36ac1a08,Australia,AUS-Swan Valley,Western Australia,WA,6056,Millendon,,261.46,414.4,288.84,365.57,
f80e4119-7b69-47ed-95ff-e15b2c6965ec,Australia,AUS-Swan Valley,Western Australia,WA,6275,Nannup,,450.66,609.07,483.51,560.24,
